{"pathName":"RecordedPath_15","pathID":15,"frontaxle":[[73.34912,58.8002357],[73.34912,58.8002357],[73.34912,58.8002357],[73.34912,58.8002357],[73.34912,58.8002357],[73.34912,58.8002357],[73.34912,58.8002357],[73.34912,58.8002357],[73.34912,58.8002357],[73.34912,58.8002357],[73.34912,58.8002357],[73.34912,58.8002357],[73.34912,58.8002357],[73.34912,58.8002357],[73.34912,58.8002357],[73.34912,58.8002357],[73.34912,58.8002357],[73.34912,58.8002357],[73.34912,58.8002357],[73.34912,58.8002357],[73.34912,58.8002357],[73.34912,58.8002357],[73.34912,58.8002357],[73.34912,58.8002357],[73.34912,58.8002357],[73.34912,58.8002357],[73.34912,58.8002357],[73.34912,58.8002357],[73.34912,58.8002357],[73.34912,58.8002357],[73.34912,58.8002357],[73.34912,58.8002357],[73.34912,58.8002357],[73.34912,58.8002357],[73.34912,58.8002357],[73.34912,58.8002357],[73.34912,58.8002357],[73.34912,58.8002357],[73.34912,58.8002357],[73.34912,58.8002357],[73.34912,58.8002357],[73.34912,58.8002357],[73.34912,58.8002357],[73.34912,58.8002357],[73.34912,58.8002357],[73.34912,58.8002357],[73.34912,58.8002357]],"pivot":[[70.955,61.367],[70.955,61.367],[70.955,61.367],[70.955,61.367],[70.955,61.367],[70.955,61.367],[70.955,61.367],[70.955,61.367],[70.955,61.367],[70.955,61.367],[70.955,61.367],[70.955,61.367],[70.955,61.367],[70.955,61.367],[70.955,61.367],[70.955,61.367],[70.955,61.367],[70.955,61.367],[70.955,61.367],[70.955,61.367],[70.955,61.367],[70.955,61.367],[70.955,61.367],[70.955,61.367],[70.955,61.367],[70.955,61.367],[70.955,61.367],[70.955,61.367],[70.955,61.367],[70.955,61.367],[70.955,61.367],[70.955,61.367],[70.955,61.367],[70.955,61.367],[70.955,61.367],[70.955,61.367],[70.955,61.367],[70.955,61.367],[70.955,61.367],[70.955,61.367],[70.955,61.367],[70.955,61.367],[70.955,61.367],[70.955,61.367],[70.955,61.367],[70.955,61.367],[70.955,61.367]],"rearaxle":[[71.4426956,60.84414],[71.4426956,60.84414],[71.4426956,60.84414],[71.4426956,60.84414],[71.4426956,60.84414],[71.4426956,60.84414],[71.4426956,60.84414],[71.4426956,60.84414],[71.4426956,60.84414],[71.4426956,60.84414],[71.4426956,60.84414],[71.4426956,60.84414],[71.4426956,60.84414],[71.4426956,60.84414],[71.4426956,60.84414],[71.4426956,60.84414],[71.4426956,60.84414],[71.4426956,60.84414],[71.4426956,60.84414],[71.4426956,60.84414],[71.4426956,60.84414],[71.4426956,60.84414],[71.4426956,60.84414],[71.4426956,60.84414],[71.4426956,60.84414],[71.4426956,60.84414],[71.4426956,60.84414],[71.4426956,60.84414],[71.4426956,60.84414],[71.4426956,60.84414],[71.4426956,60.84414],[71.4426956,60.84414],[71.4426956,60.84414],[71.4426956,60.84414],[71.4426956,60.84414],[71.4426956,60.84414],[71.4426956,60.84414],[71.4426956,60.84414],[71.4426956,60.84414],[71.4426956,60.84414],[71.4426956,60.84414],[71.4426956,60.84414],[71.4426956,60.84414],[71.4426956,60.84414],[71.4426956,60.84414],[71.4426956,60.84414],[71.4426956,60.84414]],"traileraxle":[[66.41505,66.2343445],[66.41505,66.2343445],[66.41505,66.2343445],[66.41505,66.2343445],[66.41505,66.2343445],[66.41505,66.2343445],[66.41505,66.2343445],[66.41505,66.2343445],[66.41505,66.2343445],[66.41505,66.2343445],[66.41505,66.2343445],[66.41505,66.2343445],[66.41505,66.2343445],[66.41505,66.2343445],[66.41505,66.2343445],[66.41505,66.2343445],[66.41505,66.2343445],[66.41505,66.2343445],[66.41505,66.2343445],[66.41505,66.2343445],[66.41505,66.2343445],[66.41505,66.2343445],[66.41505,66.2343445],[66.41505,66.2343445],[66.41505,66.2343445],[66.41505,66.2343445],[66.41505,66.2343445],[66.41505,66.2343445],[66.41505,66.2343445],[66.41505,66.2343445],[66.41505,66.2343445],[66.41505,66.2343445],[66.41505,66.2343445],[66.41505,66.2343445],[66.41505,66.2343445],[66.41505,66.2343445],[66.41505,66.2343445],[66.41505,66.2343445],[66.41505,66.2343445],[66.41505,66.2343445],[66.41505,66.2343445],[66.41505,66.2343445],[66.41505,66.2343445],[66.41505,66.2343445],[66.41505,66.2343445],[66.41505,66.2343445],[66.41505,66.2343445]],"psi":[[5.463,5.463],[5.463,5.463],[5.463,5.463],[5.463,5.463],[5.463,5.463],[5.463,5.463],[5.463,5.463],[5.463,5.463],[5.463,5.463],[5.463,5.463],[5.463,5.463],[5.463,5.463],[5.463,5.463],[5.463,5.463],[5.463,5.463],[5.463,5.463],[5.463,5.463],[5.463,5.463],[5.463,5.463],[5.463,5.463],[5.463,5.463],[5.463,5.463],[5.463,5.463],[5.463,5.463],[5.463,5.463],[5.463,5.463],[5.463,5.463],[5.463,5.463],[5.463,5.463],[5.463,5.463],[5.463,5.463],[5.463,5.463],[5.463,5.463],[5.463,5.463],[5.463,5.463],[5.463,5.463],[5.463,5.463],[5.463,5.463],[5.463,5.463],[5.463,5.463],[5.463,5.463],[5.463,5.463],[5.463,5.463],[5.463,5.463],[5.463,5.463],[5.463,5.463],[5.463,5.463]],"startPose":[],"endPose":[],"time":[0.005440712,0.02544117,0.0454406738,0.06544113,0.0854406357,0.105441093,0.1254406,0.145441055,0.165440559,0.185441017,0.205440521,0.225440979,0.245440483,0.265440941,0.285440445,0.3054409,0.3254404,0.345440865,0.365440369,0.385440826,0.405440331,0.4254408,0.445441246,0.46544075,0.4854412,0.5054407,0.52544117,0.5454407,0.565441132,0.585440636,0.6054411,0.6254406,0.645441055,0.665440559,0.685441,0.7054405,0.725441,0.7454405,0.765440941,0.785440445,0.8054409,0.8254404,0.845440865,0.865440369,0.8854408,0.905440331,0.9254408],"velocities":[0.0,0.0,0.0,0.0,0.0,0.0,0.0,0.0,0.0,0.0,0.0,0.0,0.0,0.0,0.0,0.0,0.0,0.0,0.0,0.0,0.0,0.0,0.0,0.0,0.0,0.0,0.0,0.0,0.0,0.0,0.0,0.0,0.0,0.0,0.0,0.0,0.0,0.0,0.0,0.0,0.0,0.0,0.0,0.0,0.0,0.0,0.0],"steeringAngles":[0.0,0.0,0.0,0.0,0.0,0.0,0.0,0.0,0.0,0.0,0.0,0.0,0.0,0.0,0.0,0.0,0.0,0.0,0.0,0.0,0.0,0.0,0.0,0.0,0.0,0.0,0.0,0.0,0.0,0.0,0.0,0.0,0.0,0.0,0.0,0.0,0.0,0.0,0.0,0.0,0.0,0.0,0.0,0.0,0.0,0.0,0.0],"simInput":{"steer_input":null,"Vx_input":null,"Vx":0.0,"tmax":0.0},"isValid":true}